/*
Copyright (c) 2023, Oracle and/or its affiliates. **

The Universal Permissive License (UPL), Version 1.0 **

Subject to the condition set forth below, permission is hereby granted to any person obtaining a copy of this software, associated documentation and/or data
(collectively the "Software"), free of charge and under any and all copyright rights in the Software, and any and all patent rights owned or freely licensable by each
licensor hereunder covering either the unmodified Software as contributed to or provided by such licensor, or (ii) the Larger Works (as defined below), to deal in both **
(a) the Software, and (b) any piece of software and/or hardware listed in the lrgrwrks.txt file if one is included with the Software (each a "Larger Work" to which the
Software is contributed by such licensors), **
without restriction, including without limitation the rights to copy, create derivative works of, display, perform, and distribute the Software and make, use, sell,
offer for sale, import, export, have made, and have sold the Software and the Larger Work(s), and to sublicense the foregoing rights on either these or other terms. **

This license is subject to the following condition: The above copyright notice and either this complete permission notice or at a minimum a reference to the UPL must be
included in all copies or substantial portions of the Software. **

THE SOFTWARE IS PROVIDED "AS IS", WITHOUT WARRANTY OF ANY KIND, EXPRESS OR IMPLIED, INCLUDING BUT NOT LIMITED TO THE WARRANTIES OF MERCHANTABILITY, FITNESS FOR A
PARTICULAR PURPOSE AND NONINFRINGEMENT. IN NO EVENT SHALL THE AUTHORS OR COPYRIGHT HOLDERS BE LIABLE FOR ANY CLAIM, DAMAGES OR OTHER LIABILITY, WHETHER IN AN ACTION OF
CONTRACT, TORT OR OTHERWISE, ARISING FROM, OUT OF OR IN CONNECTION WITH THE SOFTWARE OR THE USE OR OTHER DEALINGS IN THE SOFTWARE.
*/
-- Tables to be created on StockBroker Database
-- Display stock units
CREATE TABLE CASH_ACCOUNT
(
    ACCOUNT_ID   NUMBER       NOT NULL,
    BALANCE      DECIMAL,
    STOCK_BROKER VARCHAR2(20) NOT NULL,
    PRIMARY KEY (ACCOUNT_ID)
);

-- Common account for Stock Broker. Inserted while application initialization
CREATE TABLE STOCKS
(
    STOCK_SYMBOL VARCHAR2(6)  NOT NULL,
    COMPANY_NAME VARCHAR2(35) NOT NULL,
    INDUSTRY     VARCHAR2(35) NOT NULL,
    STOCK_PRICE  DECIMAL      NOT NULL,
    PRIMARY KEY (STOCK_SYMBOL)
);

CREATE TABLE USER_ACCOUNT
(
    ACCOUNT_ID NUMBER   NOT NULL,
    SSN        CHAR(12) NOT NULL,
    FIRST_NAME VARCHAR2(20),
    LAST_NAME  VARCHAR2(20),
    MID_NAME   VARCHAR2(10),
    PHONE      VARCHAR2(14),
    ADDRESS    VARCHAR2(60),
    PRIMARY KEY (ACCOUNT_ID)
);

CREATE TABLE STOCK_BROKER_STOCKS
(
    ACCOUNT_ID   NUMBER NOT NULL,
    STOCK_SYMBOL VARCHAR2(6)  NOT NULL,
    STOCK_UNITS  NUMBER NOT NULL,
    PRIMARY KEY (ACCOUNT_ID, STOCK_SYMBOL),
    CONSTRAINT FK_StockBroker_CashAccount
        FOREIGN KEY (ACCOUNT_ID) REFERENCES CASH_ACCOUNT (ACCOUNT_ID) ON DELETE CASCADE,
    CONSTRAINT FK_StockBrokerStocks_Stocks
        FOREIGN KEY (STOCK_SYMBOL) REFERENCES STOCKS (STOCK_SYMBOL) ON DELETE CASCADE
);

CREATE TABLE USER_STOCKS
(
    ACCOUNT_ID   NUMBER NOT NULL,
    STOCK_SYMBOL VARCHAR2(6)  NOT NULL,
    STOCK_UNITS  NUMBER NOT NULL,
    PRIMARY KEY (ACCOUNT_ID, STOCK_SYMBOL),
    CONSTRAINT FK_UserStocks_UserAccount
        FOREIGN KEY (ACCOUNT_ID) REFERENCES USER_ACCOUNT (ACCOUNT_ID) ON DELETE CASCADE,
    CONSTRAINT FK_UserStocks_Stocks
        FOREIGN KEY (STOCK_SYMBOL) REFERENCES STOCKS (STOCK_SYMBOL) ON DELETE CASCADE
);

CREATE TABLE HISTORY
(
    TRANSACTION_TIME TIMESTAMP DEFAULT CURRENT_TIMESTAMP,
    ACCOUNT_ID       NUMBER       NOT NULL,
    STOCK_OPERATION  VARCHAR2(15) NOT NULL,
    STOCK_UNITS      NUMBER       NOT NULL,
    STOCK_SYMBOL       VARCHAR2(6)  NOT NULL,
    DESCRIPTION      VARCHAR2(1024)
);


-- Initialize Database

INSERT INTO STOCKS(STOCK_SYMBOL, COMPANY_NAME, INDUSTRY, STOCK_PRICE)
VALUES ('BLUSC', 'Blue Semiconductor', 'Semiconductor Industry', 87.28);
INSERT INTO STOCKS(STOCK_SYMBOL, COMPANY_NAME, INDUSTRY, STOCK_PRICE)
VALUES ('SPRFD', 'Spruce Street Foods', 'Food Products', 152.55);
INSERT INTO STOCKS(STOCK_SYMBOL, COMPANY_NAME, INDUSTRY, STOCK_PRICE)
VALUES ('SVNCRP', 'Seven Corporation', 'Software consultants', 97.20);
INSERT INTO STOCKS(STOCK_SYMBOL, COMPANY_NAME, INDUSTRY, STOCK_PRICE)
VALUES ('TALLMF', 'Tall Manufacturers', 'Tall Manufacturing', 142.24);
INSERT INTO STOCKS(STOCK_SYMBOL, COMPANY_NAME, INDUSTRY, STOCK_PRICE)
VALUES ('VSNSYS', 'Vision Systems', 'Medical Equipments', 94.35);

INSERT INTO CASH_ACCOUNT(ACCOUNT_ID, BALANCE, STOCK_BROKER)
VALUES (9999999, 10000000, 'PENNYPACK');

-- Stockbroker stock account --
INSERT INTO STOCK_BROKER_STOCKS (ACCOUNT_ID, STOCK_SYMBOL, STOCK_UNITS)
VALUES (9999999, 'BLUSC', 100000);
INSERT INTO STOCK_BROKER_STOCKS (ACCOUNT_ID, STOCK_SYMBOL, STOCK_UNITS)
VALUES (9999999, 'SPRFD', 50000);
INSERT INTO STOCK_BROKER_STOCKS (ACCOUNT_ID, STOCK_SYMBOL, STOCK_UNITS)
VALUES (9999999, 'SVNCRP', 90000);
INSERT INTO STOCK_BROKER_STOCKS (ACCOUNT_ID, STOCK_SYMBOL, STOCK_UNITS)
VALUES (9999999, 'TALLMF', 80000);
INSERT INTO STOCK_BROKER_STOCKS (ACCOUNT_ID, STOCK_SYMBOL, STOCK_UNITS)
VALUES (9999999, 'VSNSYS', 100000);

-- user accounts
INSERT INTO USER_ACCOUNT (ACCOUNT_ID, SSN, FIRST_NAME, LAST_NAME, MID_NAME, PHONE, ADDRESS)
VALUES (10001, '873-61-1457', 'Adams', 'Lopez', 'D', '506-100-5886', '15311 Grove Ct. New York  95101');
INSERT INTO USER_ACCOUNT (ACCOUNT_ID, SSN, FIRST_NAME, LAST_NAME, MID_NAME, PHONE, ADDRESS)
VALUES (10002, '883-71-8538', 'Smith', 'Mason', 'N', '403-200-5890', '15311 Grove Ct. New York  95101');
INSERT INTO USER_ACCOUNT (ACCOUNT_ID, SSN, FIRST_NAME, LAST_NAME, MID_NAME, PHONE, ADDRESS)
VALUES (10003, '993-71-8500', 'Thomas', 'Dave', 'C', '603-700-5899', '15333 Grove Ct. Arizona  95101');
INSERT INTO USER_ACCOUNT (ACCOUNT_ID, SSN, FIRST_NAME, LAST_NAME, MID_NAME, PHONE, ADDRESS)
VALUES (20001, '893-51-9529', 'Johnson', 'White', 'A', '303-400-5822', '25322 Grove Ct. Los Angeles 95101');
INSERT INTO USER_ACCOUNT (ACCOUNT_ID, SSN, FIRST_NAME, LAST_NAME, MID_NAME, PHONE, ADDRESS)
VALUES (20002, '803-41-2510', 'Garcia', 'Reily', 'B', '202-400-5896', '25322 Grove Ct. Los Angeles 95101');

-- user stocks
INSERT INTO USER_STOCKS(ACCOUNT_ID, STOCK_SYMBOL, STOCK_UNITS)
VALUES (10001, 'BLUSC', 10);
INSERT INTO USER_STOCKS(ACCOUNT_ID, STOCK_SYMBOL, STOCK_UNITS)
VALUES (10001, 'SPRFD', 15);
INSERT INTO USER_STOCKS(ACCOUNT_ID, STOCK_SYMBOL, STOCK_UNITS)
VALUES (10001, 'SVNCRP', 20);
INSERT INTO USER_STOCKS(ACCOUNT_ID, STOCK_SYMBOL, STOCK_UNITS)
VALUES (10001, 'TALLMF', 30);
INSERT INTO USER_STOCKS(ACCOUNT_ID, STOCK_SYMBOL, STOCK_UNITS)
VALUES (10001, 'VSNSYS', 40);

-- User 10002
INSERT INTO USER_STOCKS(ACCOUNT_ID, STOCK_SYMBOL, STOCK_UNITS)
VALUES (10002, 'BLUSC', 10);
INSERT INTO USER_STOCKS(ACCOUNT_ID, STOCK_SYMBOL, STOCK_UNITS)
VALUES (10002, 'SPRFD', 15);
INSERT INTO USER_STOCKS(ACCOUNT_ID, STOCK_SYMBOL, STOCK_UNITS)
VALUES (10002, 'SVNCRP', 20);
INSERT INTO USER_STOCKS(ACCOUNT_ID, STOCK_SYMBOL, STOCK_UNITS)
VALUES (10002, 'TALLMF', 30);
INSERT INTO USER_STOCKS(ACCOUNT_ID, STOCK_SYMBOL, STOCK_UNITS)
VALUES (10002, 'VSNSYS', 40);